proposal_id,nb_entailed_proposals,nb_contradictory_proposals,nb_votes_for,nb_votes_mixed,nb_votes_against,nb_args_for,nb_args_against,controversiality_nli,controversiality_votes,controversiality_args
725,61,2,1.0,0.0,0.0,1.0,0.0,0.04838709677419355,-1.0,-1.0
726,71,0,1.0,0.0,0.0,0.0,0.0,0.013888888888888888,-1.0,-1.0
727,76,4,1.0,0.0,0.0,0.0,0.0,0.06493506493506493,-1.0,-1.0
728,113,8,1.0,0.0,0.0,0.0,0.0,0.07894736842105263,-1.0,-1.0
729,142,8,1.0,0.0,0.0,0.0,0.0,0.06293706293706294,-1.0,-1.0
730,131,10,1.0,0.0,0.0,1.0,1.0,0.08333333333333333,-1.0,-1.0
731,53,3,1.0,0.0,0.0,1.0,0.0,0.07407407407407407,-1.0,-1.0
767,123,0,1.0,0.0,0.0,1.0,0.0,0.008064516129032258,-1.0,-1.0
761,42,7,3.0,0.0,0.0,0.0,0.0,0.18604651162790697,-1.0,-1.0
759,134,12,1.0,0.0,0.0,0.0,0.0,0.0962962962962963,-1.0,-1.0
757,68,14,7.0,0.0,0.0,0.0,0.0,0.21739130434782608,-1.0,-1.0
755,9,0,0.0,1.0,0.0,1.0,0.0,-1.0,-1.0,-1.0
754,90,16,1.0,0.0,0.0,0.0,0.0,0.18681318681318682,-1.0,-1.0
752,155,21,1.0,0.0,0.0,0.0,0.0,0.14102564102564102,-1.0,-1.0
743,120,6,2.0,0.0,0.0,0.0,0.0,0.05785123966942149,-1.0,-1.0
742,139,9,0.0,0.0,0.0,0.0,0.0,0.07142857142857142,-1.0,-1.0
723,40,2,0.0,1.0,1.0,0.0,1.0,0.07317073170731707,-1.0,-1.0
722,30,1,3.0,1.0,0.0,0.0,0.0,0.06451612903225806,-1.0,-1.0
714,93,1,0.0,3.0,0.0,0.0,1.0,0.02127659574468085,-1.0,-1.0
713,109,3,1.0,1.0,0.0,0.0,0.0,0.03636363636363636,-1.0,-1.0
712,43,7,4.0,0.0,0.0,0.0,1.0,0.18181818181818182,-1.0,-1.0
707,75,9,4.0,0.0,0.0,0.0,0.0,0.13157894736842105,-1.0,-1.0
700,79,4,4.0,0.0,0.0,0.0,0.0,0.0625,-1.0,-1.0
688,95,1,1.0,2.0,2.0,1.0,0.0,0.020833333333333332,-1.0,-1.0
695,52,2,0.0,0.0,4.0,0.0,2.0,0.05660377358490566,-1.0,-1.0
693,91,4,2.0,1.0,0.0,1.0,1.0,0.05434782608695652,-1.0,-1.0
685,105,14,2.0,0.0,0.0,0.0,0.0,0.14150943396226415,-1.0,-1.0
678,78,8,3.0,0.0,0.0,0.0,0.0,0.11392405063291139,-1.0,-1.0
672,44,2,16.0,2.0,1.0,5.0,1.0,0.06666666666666667,0.21052631578947367,-1.0
669,31,0,7.0,0.0,0.0,2.0,0.0,0.03125,-1.0,-1.0
668,112,3,2.0,2.0,1.0,1.0,2.0,0.035398230088495575,-1.0,-1.0
666,80,1,8.0,0.0,1.0,0.0,1.0,0.024691358024691357,-1.0,-1.0
663,137,5,3.0,0.0,0.0,1.0,0.0,0.043478260869565216,-1.0,-1.0
659,33,5,2.0,1.0,0.0,0.0,0.0,0.17647058823529413,-1.0,-1.0
658,23,8,3.0,1.0,0.0,0.0,1.0,0.375,-1.0,-1.0
654,45,0,5.0,0.0,0.0,0.0,0.0,0.021739130434782608,-1.0,-1.0
653,26,6,1.0,1.0,0.0,0.0,0.0,0.25925925925925924,-1.0,-1.0
652,73,2,156.0,3.0,0.0,0.0,0.0,0.04054054054054054,0.025,-1.0
651,89,3,149.0,2.0,0.0,2.0,0.0,0.044444444444444446,0.019736842105263157,-1.0
646,41,4,4.0,0.0,0.0,1.0,0.0,0.11904761904761904,-1.0,-1.0
634,76,48,6.0,2.0,0.0,0.0,0.0,0.6363636363636364,-1.0,-1.0
633,79,3,7.0,0.0,0.0,1.0,0.0,0.05,-1.0,-1.0
631,37,3,2.0,1.0,1.0,3.0,0.0,0.10526315789473684,-1.0,-1.0
629,30,0,18.0,1.0,0.0,1.0,0.0,0.03225806451612903,0.1,-1.0
628,62,4,1.0,1.0,0.0,0.0,0.0,0.07936507936507936,-1.0,-1.0
627,15,0,5.0,2.0,0.0,1.0,0.0,-1.0,-1.0,-1.0
622,102,2,3.0,1.0,0.0,0.0,0.0,0.02912621359223301,-1.0,-1.0
621,28,0,4.0,3.0,1.0,1.0,0.0,0.034482758620689655,-1.0,-1.0
619,24,2,4.0,0.0,0.0,0.0,0.0,0.12,-1.0,-1.0
617,77,2,5.0,0.0,0.0,0.0,0.0,0.038461538461538464,-1.0,-1.0
615,145,8,6.0,0.0,0.0,0.0,0.0,0.06164383561643835,-1.0,-1.0
600,82,5,4.0,2.0,1.0,0.0,0.0,0.07228915662650602,-1.0,-1.0
609,51,2,6.0,2.0,0.0,0.0,0.0,0.057692307692307696,-1.0,-1.0
608,27,1,4.0,0.0,0.0,1.0,0.0,0.07142857142857142,-1.0,-1.0
607,88,18,4.0,4.0,0.0,0.0,0.0,0.21348314606741572,-1.0,-1.0
605,38,1,2.0,2.0,2.0,1.0,0.0,0.05128205128205128,-1.0,-1.0
599,14,1,6.0,0.0,0.0,1.0,0.0,-1.0,-1.0,-1.0
593,35,0,6.0,0.0,0.0,1.0,0.0,0.027777777777777776,-1.0,-1.0
590,19,0,9.0,0.0,0.0,0.0,0.0,-1.0,-1.0,-1.0
589,16,4,6.0,2.0,3.0,1.0,4.0,-1.0,-1.0,-1.0
585,92,2,58.0,0.0,0.0,1.0,0.0,0.03225806451612903,0.01694915254237288,-1.0
582,10,0,4.0,3.0,0.0,1.0,0.0,-1.0,-1.0,-1.0
576,37,0,2.0,0.0,0.0,0.0,0.0,0.02631578947368421,-1.0,-1.0
566,120,4,8.0,1.0,0.0,0.0,0.0,0.04132231404958678,-1.0,-1.0
565,75,1,12.0,2.0,2.0,2.0,1.0,0.02631578947368421,0.3333333333333333,-1.0
563,74,18,25.0,0.0,1.0,0.0,1.0,0.25333333333333335,0.07692307692307693,-1.0
562,100,2,120.0,13.0,6.0,1.0,3.0,0.0297029702970297,0.14925373134328357,-1.0
561,60,2,200.0,5.0,2.0,0.0,0.0,0.04918032786885246,0.038834951456310676,-1.0
535,79,2,9.0,0.0,0.0,0.0,0.0,0.0375,-1.0,-1.0
533,74,3,3.0,0.0,1.0,0.0,0.0,0.05333333333333334,-1.0,-1.0
532,62,14,5.0,1.0,0.0,0.0,2.0,0.23809523809523808,-1.0,-1.0
526,57,2,9.0,0.0,0.0,1.0,0.0,0.05172413793103448,-1.0,-1.0
521,29,0,8.0,0.0,0.0,0.0,0.0,0.03333333333333333,-1.0,-1.0
519,45,2,7.0,1.0,0.0,1.0,1.0,0.06521739130434782,-1.0,-1.0
517,55,16,3.0,0.0,1.0,0.0,0.0,0.30357142857142855,-1.0,-1.0
516,72,2,7.0,0.0,0.0,0.0,0.0,0.0410958904109589,-1.0,-1.0
513,65,1,2321.0,3.0,3.0,17.0,3.0,0.030303030303030304,0.003010752688172043,0.2222222222222222
501,29,3,3.0,1.0,18.0,0.0,0.0,0.13333333333333333,0.25,-1.0
498,34,0,7.0,4.0,43.0,3.0,3.0,0.02857142857142857,0.25,-1.0
495,16,1,8.0,0.0,1.0,1.0,1.0,-1.0,-1.0,-1.0
490,50,1,4.0,1.0,1.0,1.0,1.0,0.0392156862745098,-1.0,-1.0
488,55,14,8.0,2.0,2.0,2.0,3.0,0.26785714285714285,-1.0,-1.0
484,27,0,14.0,0.0,0.0,2.0,0.0,0.03571428571428571,-1.0,-1.0
483,7,0,5.0,0.0,0.0,0.0,0.0,-1.0,-1.0,-1.0
474,11,0,10.0,2.0,17.0,2.0,1.0,-1.0,0.65,-1.0
469,101,2,16.0,1.0,3.0,1.0,1.0,0.029411764705882353,0.2777777777777778,-1.0
465,32,0,30.0,0.0,0.0,0.0,0.0,0.030303030303030304,0.03225806451612903,-1.0
464,37,59,2.0,1.0,1.0,0.0,0.0,0.6333333333333333,-1.0,-1.0
458,69,42,0.0,1.0,3.0,0.0,1.0,0.6142857142857143,-1.0,-1.0
127,27,1,50.0,3.0,16.0,3.0,3.0,0.07142857142857142,0.37037037037037035,-1.0
300,39,27,12.0,7.0,7.0,1.0,2.0,0.7,0.75,-1.0
96,52,0,8.0,8.0,156.0,2.0,7.0,0.018867924528301886,0.10303030303030303,0.375
454,81,0,4.0,1.0,4.0,1.0,5.0,0.012195121951219513,-1.0,-1.0
453,53,0,8.0,0.0,1.0,0.0,0.0,0.018518518518518517,-1.0,-1.0
450,110,4,829.0,7.0,2.0,6.0,1.0,0.04504504504504504,0.011947431302270013,-1.0
442,93,1,8.0,0.0,0.0,1.0,0.0,0.02127659574468085,-1.0,-1.0
441,67,2,13.0,0.0,0.0,0.0,0.0,0.04411764705882353,-1.0,-1.0
439,133,5,7.0,0.0,2.0,1.0,4.0,0.04477611940298507,-1.0,-1.0
436,71,2,20.0,0.0,1.0,1.0,1.0,0.041666666666666664,0.09523809523809523,-1.0
418,80,3,6.0,2.0,2.0,3.0,3.0,0.04938271604938271,-1.0,-1.0
425,109,1,762.0,131.0,52.0,4.0,9.0,0.01818181818181818,0.2058165548098434,0.5
424,123,2,78.0,0.0,2.0,1.0,1.0,0.024193548387096774,0.0379746835443038,-1.0
420,33,0,8.0,1.0,1.0,0.0,0.0,0.029411764705882353,-1.0,-1.0
416,19,0,14.0,1.0,1.0,0.0,1.0,-1.0,0.1875,-1.0
415,74,1,5.0,3.0,0.0,0.0,0.0,0.02666666666666667,-1.0,-1.0
403,95,3,2.0,3.0,0.0,1.0,0.0,0.041666666666666664,-1.0,-1.0
399,33,1,7.0,2.0,0.0,0.0,0.0,0.058823529411764705,-1.0,-1.0
393,121,1,2051.0,26.0,3.0,6.0,6.0,0.01639344262295082,0.014436958614051972,1.0
392,95,2,1973.0,27.0,5.0,5.0,3.0,0.03125,0.01649175412293853,-1.0
385,105,0,14.0,5.0,4.0,3.0,3.0,0.009433962264150943,0.5,-1.0
383,0,50,3.0,1.0,2.0,0.0,1.0,0.0196078431372549,-1.0,-1.0
366,32,8,16.0,7.0,19.0,0.0,6.0,0.2727272727272727,0.8888888888888888,-1.0
376,30,0,10.0,0.0,1.0,0.0,2.0,0.03225806451612903,-1.0,-1.0
375,57,8,2.0,7.0,0.0,0.0,1.0,0.15517241379310345,-1.0,-1.0
371,31,0,14.0,7.0,3.0,3.0,2.0,0.03125,0.5,-1.0
365,15,9,39.0,3.0,1.0,1.0,1.0,0.625,0.11627906976744186,-1.0
363,45,0,22.0,1.0,3.0,0.0,2.0,0.021739130434782608,0.20833333333333334,-1.0
360,54,2,12.0,2.0,1.0,0.0,1.0,0.05454545454545454,-1.0,-1.0
105,21,0,22.0,9.0,49.0,10.0,11.0,0.045454545454545456,0.5423728813559322,0.9166666666666666
354,34,2,8.0,2.0,1.0,0.0,0.0,0.08571428571428572,-1.0,-1.0
347,28,0,37.0,1.0,5.0,1.0,1.0,0.034482758620689655,0.1794871794871795,-1.0
295,78,1,9.0,2.0,2.0,0.0,2.0,0.02531645569620253,-1.0,-1.0
341,39,1,7.0,3.0,2.0,0.0,1.0,0.05,-1.0,-1.0
336,46,0,26.0,0.0,1.0,3.0,1.0,0.02127659574468085,0.07407407407407407,-1.0
334,102,0,2.0,3.0,6.0,1.0,1.0,0.009708737864077669,-1.0,-1.0
333,67,2,55.0,3.0,3.0,4.0,2.0,0.04411764705882353,0.11864406779661017,-1.0
328,134,2,0.0,3.0,2.0,1.0,1.0,0.022222222222222223,-1.0,-1.0
326,32,2,11.0,3.0,3.0,0.0,1.0,0.09090909090909091,0.4666666666666667,-1.0
320,47,3,9.0,7.0,21.0,2.0,4.0,0.08333333333333333,0.5862068965517241,-1.0
319,66,10,1.0,11.0,6.0,1.0,2.0,0.16417910447761194,0.7222222222222222,-1.0
314,73,2,6.0,2.0,1.0,0.0,0.0,0.04054054054054054,-1.0,-1.0
313,82,4,9.0,1.0,1.0,0.0,0.0,0.060240963855421686,-1.0,-1.0
310,62,0,3.0,7.0,6.0,0.0,1.0,0.015873015873015872,0.7857142857142857,-1.0
301,9,0,14.0,0.0,1.0,2.0,0.0,-1.0,-1.0,-1.0
293,4,0,5.0,2.0,4.0,1.0,0.0,-1.0,-1.0,-1.0
287,72,0,20.0,0.0,0.0,1.0,0.0,0.0136986301369863,0.047619047619047616,-1.0
285,39,3,4.0,2.0,2.0,0.0,1.0,0.1,-1.0,-1.0
282,23,1,10.0,2.0,2.0,0.0,2.0,0.08333333333333333,-1.0,-1.0
281,64,43,14.0,0.0,1.0,0.0,1.0,0.676923076923077,-1.0,-1.0
279,55,0,13.0,2.0,0.0,2.0,1.0,0.017857142857142856,-1.0,-1.0
275,99,2,18.0,0.0,1.0,1.0,1.0,0.03,0.10526315789473684,-1.0
270,122,7,37.0,2.0,0.0,2.0,1.0,0.06504065040650407,0.075,-1.0
269,119,8,65.0,1.0,0.0,0.0,0.0,0.075,0.029850746268656716,-1.0
268,94,3,48.0,0.0,0.0,4.0,0.0,0.042105263157894736,0.02040816326530612,-1.0
267,89,1,19.0,5.0,6.0,2.0,2.0,0.022222222222222223,0.48,-1.0
264,53,0,8.0,0.0,4.0,0.0,1.0,0.018518518518518517,-1.0,-1.0
262,113,7,9.0,0.0,3.0,3.0,1.0,0.07017543859649122,-1.0,-1.0
259,31,0,26.0,3.0,1.0,3.0,3.0,0.03125,0.16666666666666666,-1.0
242,73,18,9.0,3.0,8.0,1.0,3.0,0.25675675675675674,0.9230769230769231,-1.0
240,59,0,25.0,0.0,0.0,1.0,1.0,0.016666666666666666,0.038461538461538464,-1.0
236,34,0,14.0,2.0,1.0,3.0,1.0,0.02857142857142857,0.23529411764705882,-1.0
232,65,0,12.0,3.0,7.0,3.0,3.0,0.015151515151515152,0.6875,-1.0
228,93,7,28.0,1.0,1.0,1.0,1.0,0.0851063829787234,0.1,-1.0
225,32,1,4.0,5.0,0.0,0.0,0.0,0.06060606060606061,-1.0,-1.0
223,25,0,18.0,5.0,1.0,3.0,2.0,0.038461538461538464,0.2916666666666667,-1.0
222,74,0,0.0,7.0,13.0,0.0,3.0,0.013333333333333334,0.38095238095238093,-1.0
220,104,2,144.0,6.0,7.0,1.0,4.0,0.02857142857142857,0.09271523178807947,-1.0
218,86,9,5.0,0.0,0.0,0.0,0.0,0.11494252873563218,-1.0,-1.0
217,80,0,13.0,1.0,0.0,0.0,0.0,0.012345679012345678,-1.0,-1.0
216,70,0,18.0,16.0,3.0,2.0,0.0,0.014084507042253521,0.5714285714285714,-1.0
214,66,0,2.0,3.0,0.0,0.0,1.0,0.014925373134328358,-1.0,-1.0
213,93,0,6.0,12.0,10.0,4.0,1.0,0.010638297872340425,0.8260869565217391,-1.0
211,70,0,14.0,1.0,0.0,0.0,0.0,0.014084507042253521,-1.0,-1.0
205,29,0,32.0,6.0,1.0,3.0,3.0,0.03333333333333333,0.20512820512820512,-1.0
201,47,0,25.0,1.0,0.0,2.0,0.0,0.020833333333333332,0.07407407407407407,-1.0
193,25,6,15.0,5.0,18.0,0.0,0.0,0.2692307692307692,0.875,-1.0
192,30,18,3.0,3.0,3.0,0.0,1.0,0.6129032258064516,-1.0,-1.0
191,15,3,5.0,2.0,10.0,0.0,4.0,-1.0,0.6153846153846154,-1.0
186,18,0,66.0,4.0,2.0,5.0,3.0,-1.0,0.09859154929577464,-1.0
185,31,3,28.0,10.0,64.0,4.0,6.0,0.125,0.52,0.7142857142857143
182,42,0,123.0,26.0,49.0,12.0,19.0,0.023255813953488372,0.5066666666666667,0.65
181,58,10,125.0,16.0,39.0,10.0,5.0,0.1864406779661017,0.39436619718309857,0.5454545454545454
179,72,0,11.0,1.0,1.0,0.0,0.0,0.0136986301369863,-1.0,-1.0
178,38,0,8.0,1.0,0.0,0.0,1.0,0.02564102564102564,-1.0,-1.0
177,27,0,1691.0,31.0,32.0,27.0,16.0,0.03571428571428571,0.0371445153801509,0.6071428571428571
172,49,0,156.0,15.0,18.0,5.0,13.0,0.02,0.19767441860465115,0.42857142857142855
160,38,12,36.0,12.0,20.0,3.0,6.0,0.3333333333333333,0.673469387755102,0.5714285714285714
159,84,5,34.0,7.0,1.0,1.0,2.0,0.07058823529411765,0.21428571428571427,-1.0
158,74,7,246.0,17.0,6.0,6.0,3.0,0.10666666666666667,0.09090909090909091,0.5714285714285714
155,63,0,234.0,8.0,1.0,9.0,3.0,0.015625,0.0411522633744856,0.4
149,98,2,58.0,2.0,2.0,3.0,2.0,0.030303030303030304,0.08196721311475409,-1.0
146,35,0,75.0,11.0,12.0,5.0,8.0,0.027777777777777776,0.27586206896551724,0.6666666666666666
142,42,0,28.0,20.0,15.0,1.0,2.0,0.023255813953488372,0.7346938775510204,-1.0
139,8,0,96.0,54.0,31.0,3.0,7.0,-1.0,0.5695364238410596,0.5
138,55,2,225.0,11.0,12.0,1.0,10.0,0.05357142857142857,0.10126582278481013,0.18181818181818182
135,29,43,77.0,0.0,3.0,5.0,3.0,0.6818181818181818,0.05128205128205128,-1.0
126,76,0,484.0,6.0,8.0,4.0,4.0,0.012987012987012988,0.03054989816700611,-1.0
118,63,0,179.0,9.0,4.0,10.0,6.0,0.015625,0.07407407407407407,0.6363636363636364
114,5,0,118.0,17.0,5.0,7.0,7.0,-1.0,0.16911764705882354,1.0
95,112,0,250.0,12.0,13.0,14.0,8.0,0.008849557522123894,0.09885931558935361,0.6
99,22,4,80.0,13.0,19.0,9.0,4.0,0.21739130434782608,0.35106382978723405,0.5
93,75,0,735.0,12.0,3.0,12.0,4.0,0.013157894736842105,0.0213903743315508,0.38461538461538464
75,32,3,421.0,49.0,18.0,12.0,19.0,0.12121212121212122,0.14437367303609341,0.65
79,57,11,427.0,90.0,44.0,5.0,23.0,0.20689655172413793,0.2606177606177606,0.25
82,87,13,793.0,41.0,19.0,12.0,23.0,0.1590909090909091,0.07305389221556886,0.5416666666666666
81,54,20,170.0,11.0,6.0,4.0,3.0,0.38181818181818183,0.0989010989010989,-1.0
80,113,6,563.0,45.0,17.0,15.0,20.0,0.06140350877192982,0.10344827586206896,0.7619047619047619
72,45,8,704.0,60.0,32.0,15.0,32.0,0.1956521739130435,0.12156862745098039,0.48484848484848486
78,83,7,230.0,74.0,20.0,7.0,15.0,0.09523809523809523,0.3114754098360656,0.5
77,100,15,428.0,43.0,24.0,10.0,13.0,0.15841584158415842,0.1440677966101695,0.7857142857142857
76,141,4,693.0,28.0,12.0,15.0,10.0,0.035211267605633804,0.05678670360110803,0.6875
74,112,3,264.0,92.0,23.0,9.0,15.0,0.035398230088495575,0.32492997198879553,0.625
73,67,16,606.0,54.0,9.0,17.0,21.0,0.25,0.09682299546142209,0.8181818181818182
779,34,0,1.0,0.0,0.0,1.0,0.0,0.02857142857142857,-1.0,-1.0
782,29,0,1.0,0.0,0.0,0.0,0.0,0.03333333333333333,-1.0,-1.0
777,68,0,0.0,0.0,0.0,0.0,0.0,0.014492753623188406,-1.0,-1.0
766,127,0,0.0,1.0,0.0,0.0,0.0,0.0078125,-1.0,-1.0
765,24,0,1.0,0.0,0.0,0.0,0.0,0.04,-1.0,-1.0
764,3,0,1.0,0.0,0.0,0.0,0.0,-1.0,-1.0,-1.0
762,33,2,0.0,0.0,0.0,0.0,0.0,0.08823529411764706,-1.0,-1.0
748,37,0,1.0,0.0,1.0,0.0,1.0,0.02631578947368421,-1.0,-1.0
746,65,0,2.0,1.0,0.0,0.0,1.0,0.015151515151515152,-1.0,-1.0
745,80,0,1.0,0.0,0.0,0.0,0.0,0.012345679012345678,-1.0,-1.0
744,111,3,1.0,0.0,0.0,0.0,0.0,0.03571428571428571,-1.0,-1.0
732,58,0,3.0,0.0,0.0,1.0,0.0,0.01694915254237288,-1.0,-1.0
724,60,0,3.0,0.0,0.0,1.0,0.0,0.01639344262295082,-1.0,-1.0
720,83,2,1.0,0.0,0.0,0.0,0.0,0.03571428571428571,-1.0,-1.0
719,37,0,3.0,1.0,0.0,1.0,0.0,0.02631578947368421,-1.0,-1.0
717,33,0,4.0,0.0,1.0,1.0,1.0,0.029411764705882353,-1.0,-1.0
709,33,0,2.0,1.0,1.0,2.0,0.0,0.029411764705882353,-1.0,-1.0
704,46,0,2.0,0.0,1.0,0.0,0.0,0.02127659574468085,-1.0,-1.0
703,95,0,2.0,1.0,1.0,1.0,0.0,0.010416666666666666,-1.0,-1.0
702,84,0,1.0,2.0,1.0,0.0,0.0,0.011764705882352941,-1.0,-1.0
701,67,0,1.0,1.0,1.0,0.0,1.0,0.014705882352941176,-1.0,-1.0
699,88,0,1.0,0.0,1.0,0.0,0.0,0.011235955056179775,-1.0,-1.0
697,44,0,0.0,1.0,1.0,0.0,0.0,0.022222222222222223,-1.0,-1.0
694,127,3,1.0,0.0,0.0,0.0,0.0,0.03125,-1.0,-1.0
690,68,1,2.0,0.0,1.0,0.0,0.0,0.028985507246376812,-1.0,-1.0
689,93,1,8.0,1.0,0.0,2.0,0.0,0.02127659574468085,-1.0,-1.0
687,64,0,0.0,1.0,1.0,0.0,0.0,0.015384615384615385,-1.0,-1.0
681,17,0,9.0,0.0,3.0,1.0,2.0,-1.0,-1.0,-1.0
671,121,17,1.0,0.0,1.0,0.0,0.0,0.14754098360655737,-1.0,-1.0
670,54,0,1.0,2.0,3.0,0.0,2.0,0.01818181818181818,-1.0,-1.0
664,23,0,3.0,1.0,0.0,1.0,0.0,0.041666666666666664,-1.0,-1.0
657,9,0,24.0,0.0,3.0,2.0,2.0,-1.0,0.16,-1.0
656,35,3,1.0,1.0,1.0,0.0,1.0,0.1111111111111111,-1.0,-1.0
623,125,2,5.0,0.0,0.0,0.0,0.0,0.023809523809523808,-1.0,-1.0
611,46,0,7.0,0.0,0.0,6.0,0.0,0.02127659574468085,-1.0,-1.0
606,36,1,14.0,1.0,1.0,2.0,1.0,0.05405405405405406,0.1875,-1.0
604,6,1,56.0,0.0,0.0,2.0,0.0,-1.0,0.017543859649122806,-1.0
597,87,1,10.0,0.0,0.0,1.0,0.0,0.022727272727272728,-1.0,-1.0
596,38,0,8.0,0.0,0.0,0.0,0.0,0.02564102564102564,-1.0,-1.0
587,10,0,101.0,2.0,4.0,4.0,1.0,-1.0,0.0673076923076923,-1.0
584,18,0,1.0,1.0,0.0,1.0,0.0,-1.0,-1.0,-1.0
581,71,0,2.0,2.0,0.0,0.0,0.0,0.013888888888888888,-1.0,-1.0
580,112,1,3.0,0.0,0.0,0.0,0.0,0.017699115044247787,-1.0,-1.0
574,24,1,3.0,1.0,1.0,1.0,0.0,0.08,-1.0,-1.0
572,15,0,4.0,0.0,0.0,0.0,0.0,-1.0,-1.0,-1.0
570,13,0,3.0,0.0,0.0,0.0,0.0,-1.0,-1.0,-1.0
568,14,0,0.0,0.0,3.0,0.0,1.0,-1.0,-1.0,-1.0
564,72,2,8.0,0.0,0.0,0.0,0.0,0.0410958904109589,-1.0,-1.0
558,15,1,415.0,0.0,0.0,4.0,0.0,-1.0,0.002403846153846154,-1.0
557,7,6,403.0,4.0,0.0,0.0,0.0,-1.0,0.012254901960784314,-1.0
556,43,0,388.0,3.0,5.0,0.0,2.0,0.022727272727272728,0.02295918367346939,-1.0
554,32,0,47.0,4.0,1.0,0.0,1.0,0.030303030303030304,0.11538461538461539,-1.0
553,64,3,49.0,0.0,0.0,1.0,0.0,0.06153846153846154,0.02,-1.0
552,43,7,54.0,1.0,0.0,0.0,0.0,0.18181818181818182,0.03571428571428571,-1.0
551,30,0,51.0,0.0,0.0,0.0,0.0,0.03225806451612903,0.019230769230769232,-1.0
550,67,5,55.0,1.0,0.0,1.0,0.0,0.08823529411764706,0.03508771929824561,-1.0
549,46,2,17.0,1.0,0.0,0.0,1.0,0.06382978723404255,0.10526315789473684,-1.0
545,23,0,373.0,12.0,0.0,3.0,1.0,0.041666666666666664,0.03367875647668394,-1.0
546,22,0,385.0,3.0,0.0,8.0,0.0,0.043478260869565216,0.010282776349614395,-1.0
547,13,0,387.0,7.0,0.0,2.0,0.0,-1.0,0.020253164556962026,-1.0
534,41,1,3.0,2.0,1.0,0.0,2.0,0.047619047619047616,-1.0,-1.0
525,42,0,7.0,1.0,1.0,2.0,0.0,0.023255813953488372,-1.0,-1.0
524,8,0,3.0,1.0,2.0,0.0,1.0,-1.0,-1.0,-1.0
523,36,0,2.0,3.0,1.0,2.0,1.0,0.02702702702702703,-1.0,-1.0
504,28,0,14.0,8.0,4.0,3.0,5.0,0.034482758620689655,0.5652173913043478,-1.0
502,13,0,3.0,0.0,6.0,1.0,1.0,-1.0,-1.0,-1.0
494,20,0,260.0,9.0,5.0,8.0,5.0,-1.0,0.05555555555555555,0.6666666666666666
489,33,0,4.0,0.0,0.0,0.0,0.0,0.029411764705882353,-1.0,-1.0
475,37,0,19.0,1.0,2.0,5.0,2.0,0.02631578947368421,0.19047619047619047,-1.0
472,27,0,1.0,1.0,1.0,0.0,0.0,0.03571428571428571,-1.0,-1.0
468,32,0,3.0,0.0,0.0,0.0,0.0,0.030303030303030304,-1.0,-1.0
466,23,0,0.0,3.0,3.0,0.0,1.0,0.041666666666666664,-1.0,-1.0
463,35,0,5.0,5.0,3.0,0.0,5.0,0.027777777777777776,-1.0,-1.0
462,15,0,3.0,1.0,3.0,0.0,1.0,-1.0,-1.0,-1.0
459,11,0,14.0,1.0,1.0,2.0,1.0,-1.0,0.1875,-1.0
449,10,0,8.0,0.0,0.0,0.0,0.0,-1.0,-1.0,-1.0
444,9,0,21.0,1.0,2.0,5.0,1.0,-1.0,0.17391304347826086,-1.0
443,23,0,2.0,2.0,3.0,0.0,2.0,0.041666666666666664,-1.0,-1.0
419,19,3,2.0,2.0,0.0,1.0,1.0,0.2,-1.0,-1.0
434,8,0,1.0,2.0,0.0,0.0,1.0,-1.0,-1.0,-1.0
427,66,5,117.0,11.0,25.0,2.0,3.0,0.08955223880597014,0.2868217054263566,-1.0
426,89,6,154.0,12.0,8.0,1.0,3.0,0.07777777777777778,0.12574850299401197,-1.0
422,56,1,7.0,0.0,0.0,1.0,0.0,0.03508771929824561,-1.0,-1.0
421,42,0,6.0,1.0,0.0,0.0,0.0,0.023255813953488372,-1.0,-1.0
417,36,0,822.0,5.0,12.0,33.0,6.0,0.02702702702702703,0.021739130434782608,0.20588235294117646
408,18,0,7.0,0.0,1.0,0.0,0.0,-1.0,-1.0,-1.0
406,46,0,0.0,0.0,6.0,0.0,1.0,0.02127659574468085,-1.0,-1.0
406,46,0,0.0,0.0,6.0,0.0,1.0,0.02127659574468085,-1.0,-1.0
256,46,0,5.0,0.0,0.0,2.0,0.0,0.02127659574468085,-1.0,-1.0
400,21,0,1.0,1.0,2.0,1.0,0.0,0.045454545454545456,-1.0,-1.0
386,65,1,6.0,1.0,3.0,1.0,0.0,0.030303030303030304,-1.0,-1.0
382,27,0,1.0,0.0,7.0,0.0,0.0,0.03571428571428571,-1.0,-1.0
381,20,11,1.0,9.0,2.0,1.0,0.0,0.5714285714285714,-1.0,-1.0
367,28,0,20.0,3.0,5.0,5.0,3.0,0.034482758620689655,0.375,-1.0
361,58,0,11.0,2.0,0.0,3.0,1.0,0.01694915254237288,-1.0,-1.0
356,17,0,8.0,6.0,3.0,1.0,2.0,-1.0,0.6666666666666666,-1.0
355,31,1,6.0,4.0,3.0,0.0,1.0,0.0625,-1.0,-1.0
353,55,0,65.0,0.0,5.0,2.0,2.0,0.017857142857142856,0.09090909090909091,-1.0
343,47,0,1.0,1.0,2.0,0.0,1.0,0.020833333333333332,-1.0,-1.0
344,20,0,9.0,2.0,2.0,3.0,0.0,-1.0,-1.0,-1.0
342,31,0,42.0,3.0,0.0,1.0,0.0,0.03125,0.08695652173913043,-1.0
338,13,0,11.0,1.0,1.0,2.0,0.0,-1.0,-1.0,-1.0
330,115,0,7.0,2.0,5.0,1.0,5.0,0.008620689655172414,-1.0,-1.0
325,17,0,6.0,1.0,0.0,0.0,0.0,-1.0,-1.0,-1.0
322,10,0,1.0,4.0,1.0,1.0,0.0,-1.0,-1.0,-1.0
316,18,0,22.0,2.0,1.0,3.0,2.0,-1.0,0.16,-1.0
315,26,0,8.0,3.0,2.0,3.0,2.0,0.037037037037037035,-1.0,-1.0
306,94,1,24.0,5.0,5.0,3.0,8.0,0.021052631578947368,0.36666666666666664,0.4444444444444444
303,42,0,8.0,2.0,3.0,0.0,0.0,0.023255813953488372,-1.0,-1.0
296,36,0,6.0,0.0,2.0,1.0,2.0,0.02702702702702703,-1.0,-1.0
291,22,0,5.0,2.0,30.0,0.0,4.0,0.043478260869565216,0.24242424242424243,-1.0
288,54,0,4.0,0.0,3.0,0.0,1.0,0.01818181818181818,-1.0,-1.0
277,85,1,103.0,3.0,6.0,3.0,0.0,0.023255813953488372,0.09345794392523364,-1.0
276,37,6,17.0,5.0,3.0,2.0,3.0,0.18421052631578946,0.391304347826087,-1.0
272,24,0,73.0,3.0,0.0,11.0,2.0,0.04,0.05194805194805195,0.25
252,37,0,10.0,8.0,5.0,2.0,4.0,0.02631578947368421,0.7368421052631579,-1.0
253,41,5,17.0,3.0,0.0,0.0,0.0,0.14285714285714285,0.19047619047619047,-1.0
250,34,1,81.0,10.0,2.0,6.0,1.0,0.05714285714285714,0.14130434782608695,-1.0
247,36,6,10.0,1.0,1.0,0.0,1.0,0.1891891891891892,-1.0,-1.0
243,33,0,78.0,0.0,5.0,4.0,3.0,0.029411764705882353,0.0759493670886076,-1.0
238,30,0,13.0,1.0,3.0,1.0,0.0,0.03225806451612903,0.3333333333333333,-1.0
237,59,0,23.0,6.0,3.0,3.0,0.0,0.016666666666666666,0.3333333333333333,-1.0
231,45,0,24.0,7.0,3.0,2.0,1.0,0.021739130434782608,0.34375,-1.0
230,18,0,7.0,1.0,2.0,2.0,0.0,-1.0,-1.0,-1.0
221,16,0,16.0,10.0,58.0,3.0,8.0,-1.0,0.391304347826087,0.4444444444444444
212,52,0,28.0,5.0,11.0,1.0,3.0,0.018867924528301886,0.5,-1.0
210,2,0,11.0,6.0,1.0,1.0,1.0,-1.0,0.4444444444444444,-1.0
204,76,0,13.0,9.0,8.0,1.0,4.0,0.012987012987012988,0.782608695652174,-1.0
200,14,0,17.0,0.0,1.0,0.0,1.0,-1.0,0.1111111111111111,-1.0
190,44,0,18.0,10.0,5.0,1.0,3.0,0.022222222222222223,0.5517241379310345,-1.0
189,45,0,39.0,6.0,6.0,1.0,2.0,0.021739130434782608,0.2826086956521739,-1.0
180,17,1,26.0,3.0,5.0,3.0,2.0,-1.0,0.3,-1.0
176,16,1,89.0,15.0,40.0,9.0,4.0,-1.0,0.5333333333333333,0.5
173,41,0,16.0,2.0,2.0,4.0,0.0,0.023809523809523808,0.2631578947368421,-1.0
171,27,0,79.0,2.0,2.0,3.0,2.0,0.03571428571428571,0.06097560975609756,-1.0
166,14,0,161.0,15.0,9.0,11.0,8.0,-1.0,0.14124293785310735,0.75
164,14,0,8.0,9.0,11.0,1.0,4.0,-1.0,0.8571428571428571,-1.0
161,35,0,21.0,2.0,3.0,1.0,3.0,0.027777777777777776,0.25,-1.0
143,14,0,20.0,3.0,15.0,1.0,2.0,-1.0,0.7916666666666666,-1.0
140,39,0,2.0,2.0,24.0,1.0,3.0,0.025,0.18518518518518517,-1.0
136,31,13,168.0,0.0,0.0,4.0,0.0,0.4375,0.005917159763313609,-1.0
129,4,0,146.0,14.0,6.0,7.0,10.0,-1.0,0.13043478260869565,0.7272727272727273
125,6,2,9.0,32.0,11.0,6.0,4.0,-1.0,0.9545454545454546,0.7142857142857143
124,46,0,114.0,0.0,0.0,6.0,0.0,0.02127659574468085,0.008695652173913044,-1.0
123,49,0,321.0,9.0,3.0,13.0,5.0,0.02,0.03927492447129909,0.42857142857142855
122,41,0,31.0,15.0,13.0,6.0,2.0,0.023809523809523808,0.6170212765957447,-1.0
120,22,0,105.0,46.0,158.0,12.0,28.0,0.043478260869565216,0.7414634146341463,0.4482758620689655
119,20,0,106.0,8.0,5.0,6.0,6.0,-1.0,0.12173913043478261,1.0
110,32,0,268.0,51.0,97.0,15.0,11.0,0.030303030303030304,0.465625,0.75
109,46,1,182.0,16.0,24.0,6.0,11.0,0.0425531914893617,0.20603015075376885,0.5833333333333334
107,30,0,76.0,11.0,24.0,4.0,6.0,0.03225806451612903,0.4090909090909091,0.7142857142857143
102,78,0,102.0,42.0,31.0,6.0,10.0,0.012658227848101266,0.5103448275862069,0.6363636363636364
101,84,4,242.0,22.0,32.0,15.0,8.0,0.058823529411764705,0.20754716981132076,0.5625
100,50,1,25.0,9.0,72.0,4.0,7.0,0.0392156862745098,0.4268292682926829,0.625
98,50,0,248.0,9.0,3.0,10.0,4.0,0.0196078431372549,0.050387596899224806,0.45454545454545453
97,32,0,90.0,13.0,12.0,7.0,3.0,0.030303030303030304,0.25,0.5
90,34,11,684.0,69.0,80.0,14.0,10.0,0.34285714285714286,0.1989389920424403,0.7333333333333333
89,45,12,286.0,75.0,47.0,14.0,31.0,0.2826086956521739,0.3397790055248619,0.46875
88,48,11,448.0,32.0,18.0,11.0,8.0,0.24489795918367346,0.10602910602910603,0.75
87,41,8,712.0,145.0,523.0,35.0,46.0,0.21428571428571427,0.7797202797202797,0.7659574468085106
86,46,3,335.0,40.0,17.0,10.0,11.0,0.0851063829787234,0.15425531914893617,0.9166666666666666
85,74,4,145.0,66.0,15.0,7.0,6.0,0.06666666666666667,0.3867924528301887,0.875
84,78,2,375.0,6.0,5.0,4.0,5.0,0.0379746835443038,0.031413612565445025,0.8333333333333334
781,122,0,1.0,0.0,0.0,0.0,0.0,0.008130081300813009,-1.0,-1.0
780,100,2,0.0,0.0,0.0,0.0,0.0,0.0297029702970297,-1.0,-1.0
778,52,0,1.0,0.0,0.0,0.0,0.0,0.018867924528301886,-1.0,-1.0
776,14,3,0.0,0.0,0.0,0.0,0.0,-1.0,-1.0,-1.0
775,131,55,1.0,0.0,0.0,0.0,0.0,0.42424242424242425,-1.0,-1.0
774,10,3,0.0,0.0,0.0,0.0,0.0,-1.0,-1.0,-1.0
773,81,8,1.0,0.0,0.0,0.0,0.0,0.10975609756097561,-1.0,-1.0
772,148,12,1.0,0.0,0.0,1.0,0.0,0.087248322147651,-1.0,-1.0
771,141,11,1.0,0.0,0.0,0.0,0.0,0.08450704225352113,-1.0,-1.0
770,5,2,0.0,0.0,0.0,0.0,0.0,-1.0,-1.0,-1.0
769,35,1,0.0,0.0,0.0,0.0,0.0,0.05555555555555555,-1.0,-1.0
768,48,4,1.0,0.0,0.0,0.0,0.0,0.10204081632653061,-1.0,-1.0
763,98,1,3.0,0.0,0.0,0.0,0.0,0.020202020202020204,-1.0,-1.0
760,203,22,2.0,0.0,0.0,0.0,0.0,0.11274509803921569,-1.0,-1.0
758,53,4,1.0,0.0,1.0,0.0,1.0,0.09259259259259259,-1.0,-1.0
756,39,1,4.0,0.0,0.0,0.0,0.0,0.05,-1.0,-1.0
753,80,1,4.0,0.0,0.0,0.0,0.0,0.024691358024691357,-1.0,-1.0
751,160,8,2.0,0.0,0.0,0.0,0.0,0.055900621118012424,-1.0,-1.0
750,110,2,2.0,0.0,0.0,0.0,0.0,0.02702702702702703,-1.0,-1.0
749,198,7,0.0,1.0,0.0,0.0,0.0,0.04020100502512563,-1.0,-1.0
747,91,6,2.0,0.0,0.0,0.0,0.0,0.07608695652173914,-1.0,-1.0
741,110,6,3.0,0.0,0.0,0.0,0.0,0.06306306306306306,-1.0,-1.0
740,86,3,2.0,0.0,1.0,0.0,1.0,0.04597701149425287,-1.0,-1.0
739,74,1,3.0,1.0,1.0,0.0,0.0,0.02666666666666667,-1.0,-1.0
738,139,13,2.0,1.0,0.0,0.0,0.0,0.1,-1.0,-1.0
737,172,1,1.0,1.0,1.0,0.0,1.0,0.011560693641618497,-1.0,-1.0
736,127,3,3.0,0.0,0.0,0.0,0.0,0.03125,-1.0,-1.0
735,89,3,1.0,0.0,0.0,1.0,0.0,0.044444444444444446,-1.0,-1.0
734,162,2,1.0,0.0,0.0,0.0,0.0,0.018404907975460124,-1.0,-1.0
733,92,47,1.0,0.0,0.0,1.0,0.0,0.5161290322580645,-1.0,-1.0
721,77,13,5.0,1.0,3.0,3.0,1.0,0.1794871794871795,-1.0,-1.0
718,66,11,10.0,0.0,2.0,0.0,0.0,0.1791044776119403,-1.0,-1.0
716,84,3,1.0,1.0,2.0,0.0,0.0,0.047058823529411764,-1.0,-1.0
715,6,1,4.0,1.0,0.0,1.0,1.0,-1.0,-1.0,-1.0
711,44,12,1.0,0.0,3.0,0.0,1.0,0.28888888888888886,-1.0,-1.0
710,100,4,8.0,0.0,0.0,1.0,0.0,0.04950495049504951,-1.0,-1.0
708,65,0,2.0,1.0,1.0,2.0,1.0,0.015151515151515152,-1.0,-1.0
706,1,1,4.0,0.0,1.0,1.0,1.0,-1.0,-1.0,-1.0
705,82,7,3.0,3.0,10.0,0.0,1.0,0.0963855421686747,0.5,-1.0
698,36,9,8.0,1.0,1.0,1.0,1.0,0.2702702702702703,-1.0,-1.0
696,20,2,7.0,2.0,7.0,0.0,2.0,0.14285714285714285,1.0,-1.0
691,14,4,8.0,0.0,0.0,1.0,0.0,-1.0,-1.0,-1.0
686,38,1,6.0,1.0,0.0,1.0,0.0,0.05128205128205128,-1.0,-1.0
684,113,0,3.0,1.0,1.0,1.0,0.0,0.008771929824561403,-1.0,-1.0
683,62,5,4.0,3.0,0.0,0.0,0.0,0.09523809523809523,-1.0,-1.0
682,125,5,4.0,2.0,0.0,0.0,0.0,0.047619047619047616,-1.0,-1.0
680,70,2,6.0,0.0,1.0,1.0,1.0,0.04225352112676056,-1.0,-1.0
674,190,5,10.0,0.0,0.0,0.0,0.0,0.031413612565445025,-1.0,-1.0
679,61,21,6.0,1.0,1.0,0.0,1.0,0.3548387096774194,-1.0,-1.0
677,26,1,6.0,1.0,0.0,0.0,0.0,0.07407407407407407,-1.0,-1.0
676,131,2,4.0,0.0,0.0,0.0,0.0,0.022727272727272728,-1.0,-1.0
675,102,3,8.0,2.0,1.0,0.0,0.0,0.038834951456310676,-1.0,-1.0
673,45,0,4055.0,20.0,24.0,28.0,11.0,0.021739130434782608,0.011040235525024533,0.41379310344827586
667,30,2,12.0,4.0,3.0,0.0,1.0,0.0967741935483871,0.47058823529411764,-1.0
665,120,24,2.0,2.0,15.0,0.0,0.0,0.2066115702479339,0.2777777777777778,-1.0
662,58,1,6.0,2.0,1.0,1.0,0.0,0.03389830508474576,-1.0,-1.0
661,52,1,9.0,2.0,5.0,1.0,2.0,0.03773584905660377,0.6666666666666666,-1.0
660,42,3,3.0,0.0,0.0,1.0,0.0,0.09302325581395349,-1.0,-1.0
655,192,32,0.0,4.0,0.0,0.0,0.0,0.17098445595854922,-1.0,-1.0
612,206,18,20.0,2.0,0.0,2.0,0.0,0.09178743961352658,0.13043478260869565,-1.0
650,58,5,10.0,0.0,0.0,0.0,0.0,0.1016949152542373,-1.0,-1.0
649,161,5,11.0,1.0,2.0,0.0,0.0,0.037037037037037035,-1.0,-1.0
648,13,1,5.0,0.0,0.0,0.0,0.0,-1.0,-1.0,-1.0
636,115,3,88.0,0.0,2.0,2.0,2.0,0.034482758620689655,0.033707865168539325,-1.0
645,140,1,8.0,2.0,1.0,0.0,1.0,0.014184397163120567,-1.0,-1.0
644,43,0,0.0,5.0,5.0,0.0,3.0,0.022727272727272728,-1.0,-1.0
643,11,2,24.0,0.0,2.0,2.0,1.0,-1.0,0.12,-1.0
642,113,9,50.0,12.0,5.0,2.0,5.0,0.08771929824561403,0.2857142857142857,-1.0
641,196,5,107.0,0.0,1.0,0.0,1.0,0.030456852791878174,0.018518518518518517,-1.0
640,24,3,98.0,3.0,0.0,0.0,0.0,0.16,0.0392156862745098,-1.0
639,146,1,119.0,2.0,2.0,1.0,2.0,0.013605442176870748,0.040983606557377046,-1.0
638,125,4,83.0,2.0,1.0,0.0,0.0,0.03968253968253968,0.046511627906976744,-1.0
637,75,0,88.0,0.0,1.0,1.0,1.0,0.013157894736842105,0.02247191011235955,-1.0
635,163,1,95.0,1.0,1.0,1.0,1.0,0.012195121951219513,0.030927835051546393,-1.0
632,50,2,1.0,1.0,3.0,0.0,0.0,0.058823529411764705,-1.0,-1.0
618,101,1,9.0,4.0,1.0,0.0,2.0,0.0196078431372549,-1.0,-1.0
630,83,36,4.0,1.0,13.0,0.0,3.0,0.44047619047619047,0.4,-1.0
626,56,3,9.0,3.0,15.0,0.0,0.0,0.07017543859649122,0.6842105263157895,-1.0
625,132,4,12.0,1.0,0.0,1.0,1.0,0.03759398496240601,-1.0,-1.0
624,146,4,11.0,0.0,0.0,0.0,0.0,0.034013605442176874,-1.0,-1.0
620,184,8,12.0,3.0,1.0,1.0,2.0,0.04864864864864865,0.3125,-1.0
616,30,3,5.0,0.0,0.0,0.0,0.0,0.12903225806451613,-1.0,-1.0
614,38,2,15.0,1.0,0.0,1.0,1.0,0.07692307692307693,0.11764705882352941,-1.0
613,71,7,18.0,2.0,0.0,1.0,1.0,0.1111111111111111,0.14285714285714285,-1.0
370,58,2,6.0,2.0,1.0,2.0,2.0,0.05084745762711865,-1.0,-1.0
610,46,3,12.0,2.0,1.0,1.0,1.0,0.0851063829787234,-1.0,-1.0
391,38,2,9.0,2.0,0.0,1.0,0.0,0.07692307692307693,-1.0,-1.0
603,230,82,1.0,2.0,10.0,0.0,0.0,0.3593073593073593,-1.0,-1.0
602,117,2,14.0,2.0,0.0,0.0,1.0,0.025423728813559324,0.17647058823529413,-1.0
601,164,20,0.0,5.0,2.0,0.0,1.0,0.12727272727272726,-1.0,-1.0
598,67,28,6.0,3.0,4.0,5.0,2.0,0.4264705882352941,-1.0,-1.0
595,194,4,18.0,1.0,0.0,2.0,0.0,0.02564102564102564,0.1,-1.0
594,64,1,7.0,1.0,0.0,2.0,1.0,0.03076923076923077,-1.0,-1.0
592,166,6,4.0,2.0,0.0,0.0,0.0,0.041916167664670656,-1.0,-1.0
591,86,0,14.0,1.0,0.0,2.0,1.0,0.011494252873563218,-1.0,-1.0
588,28,1,8.0,2.0,0.0,0.0,0.0,0.06896551724137931,-1.0,-1.0
583,48,5,10.0,0.0,0.0,0.0,0.0,0.12244897959183673,-1.0,-1.0
579,17,0,7.0,2.0,0.0,0.0,0.0,-1.0,-1.0,-1.0
578,4,15,7.0,2.0,1.0,0.0,1.0,-1.0,-1.0,-1.0
577,87,2,3.0,3.0,2.0,2.0,3.0,0.03409090909090909,-1.0,-1.0
573,76,29,15.0,5.0,18.0,0.0,4.0,0.38961038961038963,0.875,-1.0
571,95,1,7.0,0.0,0.0,0.0,0.0,0.020833333333333332,-1.0,-1.0
569,105,0,6.0,4.0,0.0,0.0,1.0,0.009433962264150943,-1.0,-1.0
567,45,0,30.0,3.0,1.0,3.0,0.0,0.021739130434782608,0.14705882352941177,-1.0
560,54,3,6.0,9.0,3.0,1.0,1.0,0.07272727272727272,0.8125,-1.0
559,167,2,0.0,0.0,6.0,0.0,0.0,0.017857142857142856,-1.0,-1.0
555,54,7,72.0,2.0,1.0,1.0,1.0,0.14545454545454545,0.05333333333333334,-1.0
548,17,0,6.0,7.0,10.0,2.0,2.0,-1.0,0.7777777777777778,-1.0
544,129,0,8.0,0.0,1.0,0.0,1.0,0.007692307692307693,-1.0,-1.0
543,21,0,3.0,1.0,4.0,0.0,3.0,0.045454545454545456,-1.0,-1.0
541,24,0,17.0,2.0,1.0,1.0,0.0,0.04,0.2,-1.0
542,40,0,21.0,0.0,0.0,1.0,0.0,0.024390243902439025,0.045454545454545456,-1.0
540,39,1,9.0,7.0,1.0,0.0,0.0,0.05,0.5294117647058824,-1.0
539,78,0,8.0,1.0,3.0,0.0,0.0,0.012658227848101266,-1.0,-1.0
538,50,2,5.0,3.0,17.0,0.0,1.0,0.058823529411764705,0.42857142857142855,-1.0
537,204,5,7.0,4.0,0.0,2.0,1.0,0.02926829268292683,-1.0,-1.0
530,35,1,15.0,7.0,12.0,3.0,1.0,0.05555555555555555,0.8695652173913043,-1.0
529,17,1,10.0,0.0,0.0,0.0,0.0,-1.0,-1.0,-1.0
528,56,1,21.0,2.0,1.0,0.0,2.0,0.03508771929824561,0.16666666666666666,-1.0
527,56,2,13.0,0.0,1.0,1.0,1.0,0.05263157894736842,-1.0,-1.0
522,49,1,29.0,0.0,0.0,1.0,0.0,0.04,0.03333333333333333,-1.0
520,29,1,20.0,2.0,1.0,3.0,1.0,0.06666666666666667,0.17391304347826086,-1.0
518,4,0,16.0,0.0,0.0,2.0,0.0,-1.0,0.058823529411764705,-1.0
515,67,1,12.0,2.0,18.0,1.0,2.0,0.029411764705882353,0.7142857142857143,-1.0
514,137,0,7.0,0.0,16.0,0.0,0.0,0.007246376811594203,0.47058823529411764,-1.0
512,200,10,9.0,3.0,2.0,0.0,0.0,0.05472636815920398,-1.0,-1.0
511,99,2,23.0,2.0,0.0,0.0,1.0,0.03,0.11538461538461539,-1.0
510,7,1,18.0,2.0,1.0,0.0,0.0,-1.0,0.19047619047619047,-1.0
509,52,3,3.0,1.0,2.0,0.0,0.0,0.07547169811320754,-1.0,-1.0
508,65,1,14.0,1.0,4.0,0.0,0.0,0.030303030303030304,0.375,-1.0
507,97,7,17.0,0.0,13.0,0.0,0.0,0.08163265306122448,0.7777777777777778,-1.0
506,148,12,7.0,3.0,4.0,1.0,2.0,0.087248322147651,-1.0,-1.0
505,0,6,11.0,0.0,1.0,1.0,1.0,-1.0,-1.0,-1.0
503,22,0,17.0,1.0,6.0,1.0,2.0,0.043478260869565216,0.42105263157894735,-1.0
500,49,0,9.0,2.0,2.0,0.0,0.0,0.02,-1.0,-1.0
499,100,1,12.0,0.0,3.0,0.0,1.0,0.019801980198019802,-1.0,-1.0
497,38,26,7.0,10.0,0.0,0.0,0.0,0.6923076923076923,0.6111111111111112,-1.0
496,5,1,13.0,2.0,17.0,0.0,5.0,-1.0,0.8,-1.0
493,105,4,117.0,3.0,7.0,3.0,2.0,0.04716981132075472,0.09090909090909091,-1.0
491,77,0,12.0,0.0,2.0,0.0,2.0,0.01282051282051282,-1.0,-1.0
486,9,0,10.0,3.0,1.0,1.0,1.0,-1.0,-1.0,-1.0
485,43,9,7.0,4.0,40.0,0.0,1.0,0.22727272727272727,0.26666666666666666,-1.0
482,71,0,6.0,2.0,0.0,1.0,1.0,0.013888888888888888,-1.0,-1.0
481,166,25,1850.0,4.0,3.0,18.0,2.0,0.15568862275449102,0.00431266846361186,0.15789473684210525
479,54,48,0.0,2.0,8.0,0.0,1.0,0.8909090909090909,-1.0,-1.0
478,33,21,0.0,1.0,2.0,0.0,0.0,0.6470588235294118,-1.0,-1.0
477,34,0,15.0,2.0,17.0,1.0,4.0,0.02857142857142857,0.9,-1.0
476,138,0,15.0,1.0,18.0,0.0,2.0,0.007194244604316547,0.85,-1.0
461,50,14,4.0,0.0,6.0,1.0,2.0,0.29411764705882354,-1.0,-1.0
471,137,1,28.0,4.0,4.0,0.0,3.0,0.014492753623188406,0.2727272727272727,-1.0
470,141,1,19.0,7.0,10.0,4.0,2.0,0.014084507042253521,0.6666666666666666,-1.0
460,111,0,17.0,1.0,3.0,0.0,3.0,0.008928571428571428,0.2631578947368421,-1.0
457,21,0,6.0,5.0,1.0,0.0,1.0,0.045454545454545456,-1.0,-1.0
456,18,1,31.0,2.0,6.0,2.0,2.0,-1.0,0.2647058823529412,-1.0
455,61,2,24.0,1.0,2.0,4.0,0.0,0.04838709677419355,0.15384615384615385,-1.0
452,155,14,210.0,5.0,12.0,1.0,1.0,0.09615384615384616,0.08333333333333333,-1.0
451,54,0,4.0,3.0,1.0,0.0,0.0,0.01818181818181818,-1.0,-1.0
448,83,0,7.0,0.0,1.0,1.0,0.0,0.011904761904761904,-1.0,-1.0
447,138,21,7.0,2.0,1.0,0.0,0.0,0.15827338129496402,-1.0,-1.0
446,90,0,25.0,0.0,0.0,0.0,0.0,0.01098901098901099,0.038461538461538464,-1.0
445,67,2,8.0,1.0,17.0,0.0,0.0,0.04411764705882353,0.5263157894736842,-1.0
440,162,2,6.0,3.0,7.0,3.0,2.0,0.018404907975460124,0.9090909090909091,-1.0
438,75,1,61.0,1.0,2.0,7.0,1.0,0.02631578947368421,0.06349206349206349,-1.0
437,47,0,43.0,4.0,2.0,0.0,1.0,0.020833333333333332,0.14583333333333334,-1.0
435,90,1,176.0,7.0,3.0,2.0,2.0,0.02197802197802198,0.059782608695652176,-1.0
433,66,5,280.0,2.0,20.0,2.0,1.0,0.08955223880597014,0.0812720848056537,-1.0
432,72,7,394.0,7.0,9.0,5.0,2.0,0.1095890410958904,0.04228855721393035,-1.0
431,191,4,200.0,2.0,0.0,2.0,1.0,0.026041666666666668,0.014778325123152709,-1.0
430,183,8,220.0,5.0,0.0,0.0,0.0,0.04891304347826087,0.02654867256637168,-1.0
429,83,0,5.0,4.0,0.0,0.0,0.0,0.011904761904761904,-1.0,-1.0
428,102,0,10.0,1.0,0.0,0.0,0.0,0.009708737864077669,-1.0,-1.0
423,163,5,156.0,1.0,3.0,0.0,0.0,0.036585365853658534,0.03164556962025317,-1.0
412,17,0,8.0,2.0,2.0,0.0,1.0,-1.0,-1.0,-1.0
411,39,1,34.0,0.0,0.0,3.0,1.0,0.05,0.02857142857142857,-1.0
410,26,0,11.0,3.0,1.0,0.0,0.0,0.037037037037037035,-1.0,-1.0
409,63,4,14.0,1.0,2.0,0.0,0.0,0.078125,0.25,-1.0
407,55,0,9.0,7.0,14.0,2.0,2.0,0.017857142857142856,0.7727272727272727,-1.0
397,105,4,4.0,0.0,1.0,0.0,1.0,0.04716981132075472,-1.0,-1.0
404,58,21,7.0,3.0,7.0,0.0,2.0,0.3728813559322034,1.0,-1.0
402,99,56,1.0,2.0,25.0,0.0,4.0,0.57,0.14285714285714285,-1.0
401,34,0,12.0,5.0,9.0,2.0,4.0,0.02857142857142857,0.8333333333333334,-1.0
396,77,0,36.0,2.0,3.0,0.0,1.0,0.01282051282051282,0.15384615384615385,-1.0
394,80,7,503.0,7.0,19.0,6.0,0.0,0.09876543209876543,0.05283757338551859,-1.0
395,136,27,381.0,3.0,17.0,2.0,0.0,0.20437956204379562,0.05454545454545454,-1.0
390,107,0,0.0,4.0,15.0,0.0,2.0,0.009259259259259259,0.25,-1.0
389,116,14,1885.0,18.0,18.0,3.0,3.0,0.1282051282051282,0.019432773109243698,-1.0
388,116,1,2.0,3.0,50.0,1.0,2.0,0.017094017094017096,0.1111111111111111,-1.0
387,105,1,17.0,2.0,3.0,1.0,1.0,0.018867924528301886,0.3,-1.0
384,57,1,19.0,1.0,1.0,0.0,1.0,0.034482758620689655,0.14285714285714285,-1.0
379,129,6,42.0,1.0,1.0,3.0,2.0,0.05384615384615385,0.06818181818181818,-1.0
378,111,0,65.0,7.0,5.0,2.0,3.0,0.008928571428571428,0.1780821917808219,-1.0
377,39,0,8.0,4.0,7.0,2.0,3.0,0.025,0.9230769230769231,-1.0
373,79,2,12.0,2.0,4.0,2.0,0.0,0.0375,0.4666666666666667,-1.0
372,51,0,12.0,3.0,1.0,2.0,0.0,0.019230769230769232,0.3125,-1.0
249,143,0,12.0,1.0,0.0,0.0,0.0,0.006944444444444444,-1.0,-1.0
369,124,3,131.0,1.0,4.0,3.0,3.0,0.032,0.045112781954887216,-1.0
368,106,0,38.0,8.0,4.0,2.0,2.0,0.009345794392523364,0.2765957446808511,-1.0
364,66,5,90.0,4.0,4.0,3.0,1.0,0.08955223880597014,0.09473684210526316,-1.0
359,61,1,9.0,4.0,14.0,0.0,2.0,0.03225806451612903,0.7368421052631579,-1.0
358,79,2,14.0,8.0,2.0,2.0,3.0,0.0375,0.4782608695652174,-1.0
357,68,0,12.0,2.0,2.0,0.0,1.0,0.014492753623188406,0.3333333333333333,-1.0
352,32,0,9.0,8.0,17.0,2.0,4.0,0.030303030303030304,0.6923076923076923,-1.0
351,39,0,31.0,3.0,2.0,0.0,1.0,0.025,0.17142857142857143,-1.0
350,6,1,8.0,2.0,3.0,1.0,0.0,-1.0,-1.0,-1.0
348,42,1,7.0,3.0,0.0,1.0,1.0,0.046511627906976744,-1.0,-1.0
346,44,0,20.0,1.0,1.0,1.0,1.0,0.022222222222222223,0.13636363636363635,-1.0
345,16,0,54.0,2.0,3.0,5.0,1.0,-1.0,0.10526315789473684,-1.0
340,176,4,21.0,0.0,0.0,1.0,0.0,0.02824858757062147,0.045454545454545456,-1.0
337,114,1,12.0,3.0,6.0,0.0,2.0,0.017391304347826087,0.625,-1.0
335,44,2,7.0,6.0,3.0,1.0,0.0,0.06666666666666667,0.7142857142857143,-1.0
332,37,1,4.0,2.0,34.0,3.0,5.0,0.05263157894736842,0.1891891891891892,-1.0
331,122,1,63.0,4.0,2.0,3.0,3.0,0.016260162601626018,0.10294117647058823,-1.0
329,123,1,28.0,2.0,1.0,0.0,0.0,0.016129032258064516,0.12903225806451613,-1.0
327,140,7,49.0,2.0,1.0,2.0,1.0,0.05673758865248227,0.07692307692307693,-1.0
324,51,0,13.0,3.0,2.0,2.0,1.0,0.019230769230769232,0.35294117647058826,-1.0
323,66,1,21.0,4.0,15.0,0.0,4.0,0.029850746268656716,0.7692307692307693,-1.0
321,23,0,47.0,2.0,0.0,2.0,1.0,0.041666666666666664,0.06,-1.0
317,4,0,13.0,2.0,3.0,1.0,1.0,-1.0,0.375,-1.0
318,40,0,25.0,1.0,0.0,2.0,0.0,0.024390243902439025,0.07407407407407407,-1.0
312,195,29,2.0,5.0,0.0,1.0,0.0,0.15306122448979592,-1.0,-1.0
311,167,35,16.0,1.0,12.0,1.0,0.0,0.21428571428571427,0.7777777777777778,-1.0
309,59,1,23.0,2.0,0.0,0.0,1.0,0.03333333333333333,0.11538461538461539,-1.0
308,35,0,37.0,2.0,3.0,1.0,0.0,0.027777777777777776,0.15,-1.0
307,17,4,151.0,6.0,8.0,9.0,2.0,0.2777777777777778,0.0949367088607595,0.3
305,43,1,13.0,2.0,4.0,0.0,2.0,0.045454545454545456,0.4375,-1.0
304,107,5,22.0,0.0,0.0,2.0,0.0,0.05555555555555555,0.043478260869565216,-1.0
289,68,0,69.0,11.0,3.0,5.0,1.0,0.014492753623188406,0.18518518518518517,-1.0
302,91,0,47.0,3.0,2.0,3.0,2.0,0.010869565217391304,0.11764705882352941,-1.0
299,119,2,4.0,5.0,25.0,1.0,1.0,0.025,0.3225806451612903,-1.0
298,22,0,11.0,9.0,5.0,3.0,2.0,0.043478260869565216,0.7142857142857143,-1.0
297,55,9,18.0,6.0,2.0,0.0,1.0,0.17857142857142858,0.36,-1.0
61,139,9,2237.0,161.0,49.0,50.0,45.0,0.07142857142857142,0.08795331388078366,0.9019607843137255
294,37,4,24.0,12.0,18.0,0.0,5.0,0.13157894736842105,0.8378378378378378,-1.0
292,27,1,11.0,3.0,21.0,0.0,3.0,0.07142857142857142,0.6,-1.0
290,1,0,0.0,0.0,20.0,0.0,3.0,-1.0,0.047619047619047616,-1.0
286,25,20,17.0,3.0,4.0,2.0,1.0,0.8076923076923077,0.38095238095238093,-1.0
283,73,0,17.0,5.0,0.0,1.0,2.0,0.013513513513513514,0.2608695652173913,-1.0
280,67,2,30.0,1.0,10.0,3.0,3.0,0.04411764705882353,0.375,-1.0
278,108,3,9.0,2.0,2.0,2.0,1.0,0.03669724770642202,-1.0,-1.0
274,25,4,4.0,4.0,0.0,1.0,0.0,0.19230769230769232,-1.0,-1.0
273,59,0,77.0,7.0,1.0,1.0,3.0,0.016666666666666666,0.10588235294117647,-1.0
271,33,0,121.0,6.0,5.0,5.0,1.0,0.029411764705882353,0.09375,-1.0
266,93,1,21.0,10.0,72.0,7.0,4.0,0.02127659574468085,0.3855421686746988,0.625
265,63,12,1824.0,68.0,1403.0,33.0,41.0,0.203125,0.7776016904384575,0.8095238095238095
263,82,12,3.0,7.0,7.0,1.0,1.0,0.1566265060240964,0.7333333333333333,-1.0
261,34,0,64.0,1.0,0.0,3.0,0.0,0.02857142857142857,0.030303030303030304,-1.0
260,34,5,50.0,4.0,7.0,1.0,3.0,0.17142857142857143,0.21818181818181817,-1.0
258,131,3,8.0,9.0,14.0,1.0,1.0,0.030303030303030304,0.75,-1.0
257,15,1,11.0,17.0,28.0,1.0,6.0,-1.0,0.6304347826086957,-1.0
255,152,3,9.0,6.0,12.0,2.0,4.0,0.026143790849673203,0.8421052631578947,-1.0
254,91,0,31.0,5.0,2.0,4.0,1.0,0.010869565217391304,0.21621621621621623,-1.0
251,64,2,63.0,3.0,10.0,5.0,2.0,0.046153846153846156,0.208955223880597,-1.0
245,95,3,72.0,27.0,17.0,3.0,9.0,0.041666666666666664,0.45,0.4
244,161,32,64.0,5.0,12.0,1.0,1.0,0.2037037037037037,0.2571428571428571,-1.0
241,51,1,45.0,5.0,1.0,1.0,2.0,0.038461538461538464,0.13725490196078433,-1.0
239,86,0,113.0,6.0,10.0,1.0,5.0,0.011494252873563218,0.14166666666666666,-1.0
235,201,28,2.0,4.0,12.0,0.0,1.0,0.14356435643564355,0.4117647058823529,-1.0
234,76,2,68.0,0.0,2.0,3.0,2.0,0.03896103896103896,0.043478260869565216,-1.0
233,154,5,24.0,0.0,0.0,0.0,0.0,0.03870967741935484,0.04,-1.0
229,106,6,15.0,6.0,2.0,3.0,0.0,0.06542056074766354,0.4090909090909091,-1.0
227,94,0,3.0,6.0,33.0,1.0,2.0,0.010526315789473684,0.25,-1.0
226,139,6,71.0,1.0,1.0,2.0,1.0,0.05,0.0410958904109589,-1.0
224,121,4,30.0,2.0,3.0,2.0,1.0,0.040983606557377046,0.18181818181818182,-1.0
68,104,43,655.0,84.0,83.0,5.0,20.0,0.41904761904761906,0.22702702702702704,0.2857142857142857
215,22,1,24.0,17.0,22.0,3.0,3.0,0.08695652173913043,0.9523809523809523,-1.0
209,123,3,12.0,2.0,6.0,0.0,2.0,0.03225806451612903,0.6,-1.0
208,4,0,137.0,23.0,18.0,3.0,7.0,-1.0,0.2608695652173913,0.5
207,123,0,14.0,5.0,65.0,2.0,7.0,0.008064516129032258,0.28169014084507044,0.375
206,125,2,31.0,12.0,5.0,2.0,3.0,0.023809523809523808,0.4090909090909091,-1.0
202,58,83,15.0,7.0,7.0,0.0,0.0,0.7023809523809523,0.6521739130434783,-1.0
199,14,1,64.0,2.0,8.0,1.0,4.0,-1.0,0.16417910447761194,-1.0
198,123,11,321.0,9.0,262.0,5.0,10.0,0.0967741935483871,0.8217522658610272,0.5454545454545454
197,124,0,75.0,3.0,1.0,1.0,0.0,0.008,0.06329113924050633,-1.0
196,138,0,184.0,25.0,7.0,9.0,6.0,0.007194244604316547,0.15714285714285714,0.7
195,88,1,514.0,41.0,65.0,20.0,18.0,0.02247191011235955,0.19244604316546762,0.9047619047619048
194,46,0,175.0,8.0,9.0,4.0,5.0,0.02127659574468085,0.09782608695652174,0.8333333333333334
188,22,0,26.0,3.0,1.0,5.0,0.0,0.043478260869565216,0.16666666666666666,-1.0
187,53,0,124.0,7.0,3.0,2.0,3.0,0.018518518518518517,0.08333333333333333,-1.0
184,50,89,13.0,8.0,7.0,0.0,2.0,0.5666666666666667,0.7272727272727273,-1.0
183,81,0,221.0,12.0,8.0,6.0,5.0,0.012195121951219513,0.08974358974358974,0.8571428571428571
175,111,0,59.0,9.0,11.0,6.0,2.0,0.008928571428571428,0.30434782608695654,-1.0
174,90,0,25.0,4.0,5.0,1.0,0.0,0.01098901098901099,0.3333333333333333,-1.0
170,102,0,27.0,13.0,133.0,5.0,13.0,0.009708737864077669,0.2789115646258503,0.42857142857142855
169,48,0,60.0,5.0,12.0,7.0,7.0,0.02040816326530612,0.2727272727272727,1.0
168,42,1,75.0,11.0,5.0,5.0,2.0,0.046511627906976744,0.19540229885057472,-1.0
167,11,0,147.0,5.0,4.0,7.0,3.0,-1.0,0.06535947712418301,0.5
165,88,5,96.0,5.0,7.0,5.0,7.0,0.06741573033707865,0.12745098039215685,0.75
162,47,2,226.0,32.0,36.0,11.0,13.0,0.0625,0.26640926640926643,0.8571428571428571
153,56,0,6.0,12.0,63.0,1.0,4.0,0.017543859649122806,0.25,-1.0
152,41,0,2540.0,65.0,61.0,78.0,26.0,0.023809523809523808,0.04873369148119724,0.34177215189873417
151,114,0,48.0,11.0,7.0,5.0,2.0,0.008695652173913044,0.31666666666666665,-1.0
150,49,0,99.0,64.0,314.0,18.0,31.0,0.02,0.43271767810026385,0.59375
148,9,0,159.0,12.0,13.0,5.0,11.0,-1.0,0.1511627906976744,0.5
147,15,3,381.0,10.0,32.0,12.0,3.0,-1.0,0.1096938775510204,0.3076923076923077
145,45,0,23.0,15.0,11.0,3.0,3.0,0.021739130434782608,0.6923076923076923,-1.0
144,62,4,189.0,11.0,3.0,3.0,3.0,0.07936507936507936,0.07462686567164178,-1.0
141,95,3,131.0,10.0,8.0,7.0,6.0,0.041666666666666664,0.13380281690140844,0.875
137,84,0,237.0,44.0,44.0,8.0,7.0,0.011764705882352941,0.31560283687943264,0.8888888888888888
134,153,6,185.0,10.0,8.0,3.0,5.0,0.045454545454545456,0.09693877551020408,-1.0
133,117,0,41.0,60.0,149.0,1.0,13.0,0.00847457627118644,0.4857142857142857,0.14285714285714285
132,162,3,402.0,40.0,50.0,16.0,16.0,0.024539877300613498,0.2054176072234763,1.0
131,127,9,331.0,45.0,31.0,7.0,9.0,0.078125,0.20424403183023873,0.8
130,28,0,89.0,17.0,42.0,4.0,10.0,0.034482758620689655,0.5607476635514018,0.45454545454545453
128,87,0,112.0,9.0,7.0,3.0,3.0,0.011363636363636364,0.13934426229508196,-1.0
121,64,0,103.0,14.0,5.0,6.0,5.0,0.015384615384615385,0.1694915254237288,0.8571428571428571
116,117,1,16.0,11.0,30.0,1.0,4.0,0.01694915254237288,0.6666666666666666,-1.0
115,75,1,1817.0,58.0,44.0,43.0,20.0,0.02631578947368421,0.05490405117270789,0.4772727272727273
113,125,0,495.0,45.0,32.0,16.0,14.0,0.007936507936507936,0.14417744916820702,0.8823529411764706
112,8,0,101.0,35.0,64.0,3.0,13.0,-1.0,0.7299270072992701,0.2857142857142857
111,18,0,144.0,32.0,14.0,2.0,9.0,-1.0,0.2655367231638418,0.3
108,144,8,246.0,17.0,15.0,11.0,8.0,0.06206896551724138,0.125,0.75
106,201,2,203.0,47.0,84.0,4.0,20.0,0.01485148514851485,0.5258964143426295,0.23809523809523808
104,226,1,522.0,23.0,27.0,28.0,7.0,0.00881057268722467,0.09340659340659341,0.27586206896551724
103,66,2,231.0,91.0,563.0,34.0,54.0,0.04477611940298507,0.49312977099236643,0.6363636363636364
94,96,0,960.0,25.0,12.0,13.0,9.0,0.010309278350515464,0.038539553752535496,0.7142857142857143
91,35,0,189.0,191.0,146.0,22.0,29.0,0.027777777777777776,0.8871391076115486,0.7666666666666667
64,151,14,797.0,66.0,29.0,20.0,18.0,0.09868421052631579,0.1111111111111111,0.9047619047619048
67,85,28,369.0,210.0,221.0,18.0,36.0,0.3372093023255814,0.7448275862068966,0.5135135135135135
65,79,10,606.0,33.0,19.0,12.0,9.0,0.1375,0.0828125,0.7692307692307693
69,90,10,1320.0,282.0,1732.0,42.0,90.0,0.12087912087912088,0.7955334987593052,0.4725274725274725
66,85,8,736.0,29.0,12.0,13.0,10.0,0.10465116279069768,0.05483028720626632,0.7857142857142857
63,77,28,690.0,254.0,162.0,9.0,26.0,0.3717948717948718,0.44126984126984126,0.37037037037037035
62,154,30,1124.0,132.0,62.0,16.0,28.0,0.2,0.15513126491646778,0.5862068965517241
71,57,15,1370.0,45.0,11.0,23.0,17.0,0.27586206896551724,0.04025423728813559,0.75
83,104,2,317.0,33.0,18.0,12.0,10.0,0.02857142857142857,0.14814814814814814,0.8461538461538461
70,55,8,410.0,101.0,195.0,20.0,20.0,0.16071428571428573,0.580078125,1.0
